{"AboutUs":[
    {
        
        "photo":"logo&background/sethu.jpg",
        "name":"SETH",
        "id":"SETH",
        "designation":"CEO",
        "desc":"Hello,Myself Seth",
        "mail":"seth202@gmail.com"
        

    },
    {
        "photo":"logo&background/kruthi.jpg",
        "name":"KRUTHI",
        "id":"KRUTHI",
        "designation":"CFO",
        "desc":"Hello,Myself kruthi",
        "mail":"kruthi2330@gmail.com"
    },
    {
        "photo":"logo&background/sarada.jpg",
        "name":"SARADA",
        "id":"SARADA",
        "designation":"COO",
        "desc":"Hello,Myself Sarada",
        "mail":"sarada364@gmail.com"
    }

]}